fecha,Benceno,Dióxido de Azufre,Dióxido de Nitrógeno,Monóxido de Carbono,Ozono,Partículas menor 10 μm,Partículas menor 2.5 μm,Óxidos de Nitrógeno,enfermedad pulmonar obstructiva cronica,bronquitis aguda,asma,fibrosis quistica o anomalias sistema respiratorio,insuficiencia cardiaca congestiva,hipertension arterial,enfermedad renal,neumonia bacteriana,diabetes incontrolada sin complicacion,diabetes con complicacion aguda,diabetes con complicacion cronica,infarto agudo de miocardio,temperatura_media_mes,humedad_relativa,precipitaciones,presion_atmosferica_mes,Benceno_1_mes,Benceno_2_meses,Benceno_3_meses,DióxidodDeAzufre_1_mes,DióxidodDeAzufre_2_meses,DióxidodDeAzufre_3_meses,Ozono_1_mes,Ozono_2_meses,Ozono_3_meses,DióxidodDeNitrogeno_1_mes,DióxidodDeNitrogeno_2_meses,DióxidodDeNitrogeno_3_meses,MonoxidoDeCarbono_1_mes,MonoxidoDeCarbono_2_meses,MonoxidoDeCarbono_3_meses,OxidosDeNitrogeno_1_mes,OxidosDeNitrogeno_2_meses,OxidosDeNitrogeno_3_meses,Particulas10_1_mes,Particulas10_2_meses,Particulas10_3_meses,Particulas2.5_1_mes,Particulas2.5_2_meses,Particulas2.5_3_meses,nb_año_anterior,asma_año_anterior,mes,epoc_año_anterior
2007-10-01,0.6403225806451613,7.80241935483871,53.38709677419354,0.3891129032258064,27.263440860215056,26.75268817204301,15.306451612903226,102.56182795698923,5.0,1.0,,,2.0,,,5.0,,,,,15.2,57.0,16.0,30.8,,,,,,,,,,,,,,,,,,,,,,,,,,,10,
2007-11-01,1.1935483870967745,16.778225806451612,68.49193548387096,0.5931451612903226,15.510752688172042,34.97849462365591,17.64516129032258,179.21236559139786,170.0,7.0,29.0,1.0,22.0,,,113.0,,,,1.0,8.8,56.0,27.0,44.2,0.6403225806451613,,,7.80241935483871,,,27.263440860215056,,,53.38709677419354,,,0.3891129032258064,,,102.56182795698923,,,26.75268817204301,,,15.306451612903226,,,,,11,
2007-12-01,1.085483870967742,20.241935483870968,65.53225806451613,0.6544354838709678,13.053763440860216,31.908602150537632,19.467741935483872,189.70161290322585,410.0,26.0,95.0,7.0,45.0,2.0,,237.0,,,,,4.305392365545627,56.425056738616064,31.1735547873362,54.85110012875862,1.1935483870967745,0.6403225806451613,,16.778225806451612,7.80241935483871,,15.510752688172042,27.263440860215056,,68.49193548387096,53.38709677419354,,0.5931451612903226,0.3891129032258064,,179.21236559139786,102.56182795698923,,34.97849462365591,26.75268817204301,,17.64516129032258,15.306451612903226,,,,12,
2008-01-01,0.7661290322580645,16.524193548387096,56.78225806451613,0.5370967741935484,17.510752688172044,29.456989247311828,16.193548387096772,150.9193548387097,377.0,21.0,93.0,6.0,42.0,2.0,,188.0,,,,1.0,2.743692351355192,57.88154908493892,31.50929988624444,64.96037112777398,1.085483870967742,1.1935483870967745,0.6403225806451613,20.241935483870968,16.778225806451612,7.80241935483871,13.053763440860216,15.510752688172042,27.263440860215056,65.53225806451613,68.49193548387096,53.38709677419354,0.6544354838709678,0.5931451612903226,0.3891129032258064,189.70161290322585,179.21236559139786,102.56182795698923,31.908602150537632,34.97849462365591,26.75268817204301,19.467741935483872,17.64516129032258,15.306451612903226,,,1,
2008-02-01,0.6161290322580646,15.89516129032258,50.45430107526882,0.4544354838709677,22.403225806451616,26.204301075268816,12.790322580645162,110.41666666666669,317.0,20.0,71.0,4.0,33.0,1.0,,212.0,,,,,3.5636015325670534,59.71838331160365,29.133526126844835,72.44385480572598,0.7661290322580645,1.085483870967742,1.1935483870967745,16.524193548387096,20.241935483870968,16.778225806451612,17.510752688172044,13.053763440860216,15.510752688172042,56.78225806451613,65.53225806451613,68.49193548387096,0.5370967741935484,0.6544354838709678,0.5931451612903226,150.9193548387097,189.70161290322585,179.21236559139786,29.456989247311828,31.908602150537632,34.97849462365591,16.193548387096772,19.467741935483872,17.64516129032258,,,2,
2008-03-01,0.4000000000000001,11.080645161290322,39.81720430107527,0.3653225806451614,43.715053763440864,19.311827956989248,7.870967741935484,74.51612903225806,296.0,21.0,87.0,9.0,37.0,2.0,,182.0,,,,1.0,6.213821484319571,61.28446569124536,25.172524339257485,75.2175929712944,0.6161290322580646,0.7661290322580645,1.085483870967742,15.89516129032258,16.524193548387096,20.241935483870968,22.403225806451616,17.510752688172044,13.053763440860216,50.45430107526882,56.78225806451613,65.53225806451613,0.4544354838709677,0.5370967741935484,0.6544354838709678,110.41666666666669,150.9193548387097,189.70161290322585,26.204301075268816,29.456989247311828,31.908602150537632,12.790322580645162,16.193548387096772,19.467741935483872,,,3,
2008-04-01,0.335483870967742,7.096774193548387,41.545698924731184,0.3241935483870968,50.25268817204301,20.672043010752688,8.14516129032258,66.74731182795699,283.0,17.0,91.0,7.0,28.0,,,174.0,,,,3.0,10.143053781751098,61.9287024964991,20.752585353602512,71.19762743315911,0.4000000000000001,0.6161290322580646,0.7661290322580645,11.080645161290322,15.89516129032258,16.524193548387096,43.715053763440864,22.403225806451616,17.510752688172044,39.81720430107527,50.45430107526882,56.78225806451613,0.3653225806451614,0.4544354838709677,0.5370967741935484,74.51612903225806,110.41666666666669,150.9193548387097,19.311827956989248,26.204301075268816,29.456989247311828,7.870967741935484,12.790322580645162,16.193548387096772,,,4,
2008-05-01,0.3016129032258064,6.870967741935484,40.83870967741935,0.3189516129032259,55.47849462365591,21.55376344086021,9.064516129032258,64.19086021505376,285.0,15.0,80.0,4.0,41.0,1.0,,156.0,,,2.0,2.0,14.8,61.0,17.0,58.3,0.335483870967742,0.4000000000000001,0.6161290322580646,7.096774193548387,11.080645161290322,15.89516129032258,50.25268817204301,43.715053763440864,22.403225806451616,41.545698924731184,39.81720430107527,50.45430107526882,0.3241935483870968,0.3653225806451614,0.4544354838709677,66.74731182795699,74.51612903225806,110.41666666666669,20.672043010752688,19.311827956989248,26.204301075268816,8.14516129032258,7.870967741935484,12.790322580645162,,,5,
2008-06-01,0.314516129032258,6.854838709677419,38.12903225806452,0.282258064516129,63.18817204301075,21.887096774193548,11.080645161290324,57.73655913978495,241.0,5.0,40.0,2.0,22.0,,,107.0,,,,,21.4,47.0,13.0,31.6,0.3016129032258064,0.335483870967742,0.4000000000000001,6.870967741935484,7.096774193548387,11.080645161290322,55.47849462365591,50.25268817204301,43.715053763440864,40.83870967741935,41.545698924731184,39.81720430107527,0.3189516129032259,0.3241935483870968,0.3653225806451614,64.19086021505376,66.74731182795699,74.51612903225806,21.55376344086021,20.672043010752688,19.311827956989248,9.064516129032258,8.14516129032258,7.870967741935484,,,6,
2008-07-01,0.3903225806451613,7.254032258064516,39.42204301075269,0.2778225806451613,63.489247311827945,28.28494623655914,12.306451612903226,59.85215053763441,180.0,4.0,31.0,6.0,24.0,2.0,,106.0,,1.0,,,24.6,41.0,0.2,0.2,0.314516129032258,0.3016129032258064,0.335483870967742,6.854838709677419,6.870967741935484,7.096774193548387,63.18817204301075,55.47849462365591,50.25268817204301,38.12903225806452,40.83870967741935,41.545698924731184,0.282258064516129,0.3189516129032259,0.3241935483870968,57.73655913978495,64.19086021505376,66.74731182795699,21.887096774193548,21.55376344086021,20.672043010752688,11.080645161290324,9.064516129032258,8.14516129032258,,,7,
2008-08-01,0.2709677419354839,7.80241935483871,36.39516129032258,0.2745967741935484,64.68279569892472,29.096774193548388,11.451612903225806,54.38709677419354,195.0,15.0,71.0,6.0,41.0,1.0,,128.0,,,,,24.8,45.0,0.7,0.7,0.3903225806451613,0.314516129032258,0.3016129032258064,7.254032258064516,6.854838709677419,6.870967741935484,63.489247311827945,63.18817204301075,55.47849462365591,39.42204301075269,38.12903225806452,40.83870967741935,0.2778225806451613,0.282258064516129,0.3189516129032259,59.85215053763441,57.73655913978495,64.19086021505376,28.28494623655914,21.887096774193548,21.55376344086021,12.306451612903226,11.080645161290324,9.064516129032258,,,8,
2008-09-01,0.3596774193548387,7.713709677419355,42.77150537634409,0.2995967741935484,43.89784946236559,25.2741935483871,11.838709677419356,71.88172043010753,285.0,15.0,104.0,9.0,46.0,,,176.0,,,,1.0,19.1,52.0,7.4,12.5,0.2709677419354839,0.3903225806451613,0.314516129032258,7.80241935483871,7.254032258064516,6.854838709677419,64.68279569892472,63.489247311827945,63.18817204301075,36.39516129032258,39.42204301075269,38.12903225806452,0.2745967741935484,0.2778225806451613,0.282258064516129,54.38709677419354,59.85215053763441,57.73655913978495,29.096774193548388,28.28494623655914,21.887096774193548,11.451612903225806,12.306451612903226,11.080645161290324,,,9,
2008-10-01,0.517741935483871,9.32258064516129,50.51075268817204,0.3754032258064517,31.4247311827957,32.274193548387096,16.032258064516128,97.2016129032258,290.0,16.0,83.0,10.0,28.0,1.0,,178.0,1.0,,,,16.010565946808832,55.48498861264819,8.848545653762399,15.063623412150864,0.3596774193548387,0.2709677419354839,0.3903225806451613,7.713709677419355,7.80241935483871,7.254032258064516,43.89784946236559,64.68279569892472,63.489247311827945,42.77150537634409,36.39516129032258,39.42204301075269,0.2995967741935484,0.2745967741935484,0.2778225806451613,71.88172043010753,54.38709677419354,59.85215053763441,25.2741935483871,29.096774193548388,28.28494623655914,11.838709677419356,11.451612903225806,12.306451612903226,5.0,,10,5.0
2008-11-01,0.6596774193548385,14.903225806451612,49.50537634408602,0.4580645161290322,24.956989247311828,19.451612903225808,11.274193548387096,117.73118279569891,434.0,31.0,118.0,5.0,37.0,2.0,,248.0,,,,,13.450308725640795,57.26732999073425,9.681052401364076,16.51198043146717,0.517741935483871,0.3596774193548387,0.2709677419354839,9.32258064516129,7.713709677419355,7.80241935483871,31.4247311827957,43.89784946236559,64.68279569892472,50.51075268817204,42.77150537634409,36.39516129032258,0.3754032258064517,0.2995967741935484,0.2745967741935484,97.2016129032258,71.88172043010753,54.38709677419354,32.274193548387096,25.2741935483871,29.096774193548388,16.032258064516128,11.838709677419356,11.451612903225806,113.0,29.0,11,170.0
2008-12-01,0.9580645161290322,20.12903225806452,60.215053763440864,0.5665322580645161,21.20967741935484,21.806451612903228,13.435483870967742,165.43817204301075,429.0,31.0,118.0,4.0,62.0,1.0,,262.0,,,,,11.559175928435891,57.67851297638531,9.959985726296855,16.997433828929577,0.6596774193548385,0.517741935483871,0.3596774193548387,14.903225806451612,9.32258064516129,7.713709677419355,24.956989247311828,31.4247311827957,43.89784946236559,49.50537634408602,50.51075268817204,42.77150537634409,0.4580645161290322,0.3754032258064517,0.2995967741935484,117.73118279569891,97.2016129032258,71.88172043010753,19.451612903225808,32.274193548387096,25.2741935483871,11.274193548387096,16.032258064516128,11.838709677419356,237.0,95.0,12,410.0
2009-01-01,0.7096774193548386,17.862903225806452,50.60215053763441,0.447983870967742,26.290322580645164,17.612903225806452,8.053763440860214,117.82795698924733,303.0,11.0,85.0,3.0,39.0,,,192.0,1.0,,1.0,1.0,10.477115147134125,57.05002641172854,9.747811112052553,16.672346375518746,0.9580645161290322,0.6596774193548385,0.517741935483871,20.12903225806452,14.903225806451612,9.32258064516129,21.20967741935484,24.956989247311828,31.4247311827957,60.215053763440864,49.50537634408602,50.51075268817204,0.5665322580645161,0.4580645161290322,0.3754032258064517,165.43817204301075,117.73118279569891,97.2016129032258,21.806451612903228,19.451612903225808,32.274193548387096,13.435483870967742,11.274193548387096,16.032258064516128,188.0,93.0,1,377.0
2009-02-01,0.6322580645161291,16.262096774193548,51.11021505376343,0.4318548387096774,26.03763440860215,21.032258064516128,11.806451612903226,114.18817204301077,337.0,21.0,109.0,6.0,48.0,2.0,,217.0,,,,1.0,10.344073973675494,55.71335913889105,9.106994042122992,15.689080842215334,0.7096774193548386,0.9580645161290322,0.6596774193548385,17.862903225806452,20.12903225806452,14.903225806451612,26.290322580645164,21.20967741935484,24.956989247311828,50.60215053763441,60.215053763440864,49.50537634408602,0.447983870967742,0.5665322580645161,0.4580645161290322,117.82795698924733,165.43817204301075,117.73118279569891,17.612903225806452,21.806451612903228,19.451612903225808,8.053763440860214,13.435483870967742,11.274193548387096,212.0,71.0,2,317.0
2009-03-01,0.6306451612903226,13.870967741935484,48.594086021505376,0.4209677419354839,47.693548387096776,24.432258064516127,14.053763440860216,86.43817204301075,361.0,25.0,97.0,4.0,51.0,1.0,,229.0,,1.0,,,11.3,54.0,8.1,14.2,0.6322580645161291,0.7096774193548386,0.9580645161290322,16.262096774193548,17.862903225806452,20.12903225806452,26.03763440860215,26.290322580645164,21.20967741935484,51.11021505376343,50.60215053763441,60.215053763440864,0.4318548387096774,0.447983870967742,0.5665322580645161,114.18817204301077,117.82795698924733,165.43817204301075,21.032258064516128,17.612903225806452,21.806451612903228,11.806451612903226,8.053763440860214,13.435483870967742,182.0,87.0,3,296.0
2009-04-01,0.3709677419354839,9.778225806451612,39.48924731182796,0.3391129032258065,59.612903225806456,15.198924731182794,9.516129032258064,64.14516129032258,316.0,17.0,106.0,7.0,43.0,,,205.0,,,,1.0,14.045105380862022,50.37272674508591,6.041949868462067,10.641918053055518,0.6306451612903226,0.6322580645161291,0.7096774193548386,13.870967741935484,16.262096774193548,17.862903225806452,47.693548387096776,26.03763440860215,26.290322580645164,48.594086021505376,51.11021505376343,50.60215053763441,0.4209677419354839,0.4318548387096774,0.447983870967742,86.43817204301075,114.18817204301077,117.82795698924733,24.432258064516127,21.032258064516128,17.612903225806452,14.053763440860216,11.806451612903226,8.053763440860214,174.0,91.0,4,283.0
2009-05-01,0.4258064516129033,8.423387096774194,38.14784946236559,0.3020161290322581,62.01612903225807,24.188172043010752,11.112903225806452,59.76075268817204,271.0,11.0,57.0,6.0,43.0,,,145.0,,,,,18.28988885876931,44.618480111437854,3.122793682954618,5.236315714492463,0.3709677419354839,0.6306451612903226,0.6322580645161291,9.778225806451612,13.870967741935484,16.262096774193548,59.612903225806456,47.693548387096776,26.03763440860215,39.48924731182796,48.594086021505376,51.11021505376343,0.3391129032258065,0.4209677419354839,0.4318548387096774,64.14516129032258,86.43817204301075,114.18817204301077,15.198924731182794,24.432258064516127,21.032258064516128,9.516129032258064,14.053763440860216,11.806451612903226,156.0,80.0,5,285.0
2009-06-01,0.4193548387096774,6.903225806451612,35.01488833746898,0.2625,56.77880184331797,25.35483870967742,11.951612903225806,54.69975186104219,221.0,8.0,43.0,2.0,34.0,,,148.0,,,,1.0,22.689727907291942,39.054993422070886,0.7172406559698601,0.8125555186831779,0.4258064516129033,0.3709677419354839,0.6306451612903226,8.423387096774194,9.778225806451612,13.870967741935484,62.01612903225807,59.612903225806456,47.693548387096776,38.14784946236559,39.48924731182796,48.594086021505376,0.3020161290322581,0.3391129032258065,0.4209677419354839,59.76075268817204,64.14516129032258,86.43817204301075,24.188172043010752,15.198924731182794,24.432258064516127,11.112903225806452,9.516129032258064,14.053763440860216,107.0,40.0,6,241.0
2009-07-01,0.4419354838709678,7.799283154121863,39.21588089330025,0.2576612903225806,66.66820276497695,29.99462365591398,11.67741935483871,62.68238213399504,215.0,10.0,50.0,1.0,33.0,1.0,,133.0,,,,,25.9,36.0,0.2,0.2,0.4193548387096774,0.4258064516129033,0.3709677419354839,6.903225806451612,8.423387096774194,9.778225806451612,56.77880184331797,62.01612903225807,59.612903225806456,35.01488833746898,38.14784946236559,39.48924731182796,0.2625,0.3020161290322581,0.3391129032258065,54.69975186104219,59.76075268817204,64.14516129032258,25.35483870967742,24.188172043010752,15.198924731182794,11.951612903225806,11.112903225806452,9.516129032258064,106.0,31.0,7,180.0
2009-08-01,0.3629032258064516,8.096774193548388,39.220843672456574,0.2620967741935484,69.0552995391705,28.747311827956988,11.532258064516128,60.17617866004962,222.0,13.0,73.0,4.0,34.0,1.0,,152.0,,,,1.0,26.3,40.0,2.095330322135092,5.859725128660694,0.4419354838709678,0.4193548387096774,0.4258064516129033,7.799283154121863,6.903225806451612,8.423387096774194,66.66820276497695,56.77880184331797,62.01612903225807,39.21588089330025,35.01488833746898,38.14784946236559,0.2576612903225806,0.2625,0.3020161290322581,62.68238213399504,54.69975186104219,59.76075268817204,29.99462365591398,25.35483870967742,24.188172043010752,11.67741935483871,11.951612903225806,11.112903225806452,128.0,71.0,8,195.0
2009-09-01,0.3387096774193548,7.620071684587813,39.4863523573201,0.3193548387096774,60.29493087557604,24.370967741935484,11.951612903225806,61.60049627791563,337.0,30.0,105.0,3.0,45.0,2.0,1.0,263.0,,,2.0,1.0,20.8,51.0,4.5,14.3,0.3629032258064516,0.4419354838709678,0.4193548387096774,8.096774193548388,7.799283154121863,6.903225806451612,69.0552995391705,66.66820276497695,56.77880184331797,39.220843672456574,39.21588089330025,35.01488833746898,0.2620967741935484,0.2576612903225806,0.2625,60.17617866004962,62.68238213399504,54.69975186104219,28.747311827956988,29.99462365591398,25.35483870967742,11.532258064516128,11.67741935483871,11.951612903225806,176.0,104.0,9,285.0
2009-10-01,0.7306451612903226,8.616487455197133,56.4665012406948,0.419758064516129,30.54377880184332,25.68279569892473,13.79032258064516,120.2803970223325,387.0,12.0,100.0,4.0,48.0,,1.0,302.0,,,,,16.7,58.755097213938825,5.844669272786947,22.95071363484134,0.3387096774193548,0.3629032258064516,0.4419354838709678,7.620071684587813,8.096774193548388,7.799283154121863,60.29493087557604,69.0552995391705,66.66820276497695,39.4863523573201,39.220843672456574,39.21588089330025,0.3193548387096774,0.2620967741935484,0.2576612903225806,61.60049627791563,60.17617866004962,62.68238213399504,24.370967741935484,28.747311827956988,29.99462365591398,11.951612903225806,11.532258064516128,11.67741935483871,178.0,83.0,10,290.0
2009-11-01,0.6516129032258062,10.44516129032258,51.285714285714285,0.4028673835125448,27.95852534562212,23.0,14.274193548387096,125.46774193548389,468.0,22.0,108.0,2.0,69.0,1.0,,275.0,,,,2.0,12.61994301994302,65.03601329130102,6.5902874156039015,32.97963587621568,0.7306451612903226,0.3387096774193548,0.3629032258064516,8.616487455197133,7.620071684587813,8.096774193548388,30.54377880184332,60.29493087557604,69.0552995391705,56.4665012406948,39.4863523573201,39.220843672456574,0.419758064516129,0.3193548387096774,0.2620967741935484,120.2803970223325,61.60049627791563,60.17617866004962,25.68279569892473,24.370967741935484,28.747311827956988,13.79032258064516,11.951612903225806,11.532258064516128,248.0,118.0,11,434.0
2009-12-01,1.141290322580645,11.893548387096777,46.462365591397855,0.4731182795698925,23.167155425219946,15.858870967741936,6.57258064516129,106.06451612903226,456.0,23.0,116.0,,58.0,,1.0,238.0,,,,1.0,8.710826210826209,69.1393807616938,7.515761850618905,43.89374017948219,0.6516129032258062,0.7306451612903226,0.3387096774193548,10.44516129032258,8.616487455197133,7.620071684587813,27.95852534562212,30.54377880184332,60.29493087557604,51.285714285714285,56.4665012406948,39.4863523573201,0.4028673835125448,0.419758064516129,0.3193548387096774,125.46774193548389,120.2803970223325,61.60049627791563,23.0,25.68279569892473,24.370967741935484,14.274193548387096,13.79032258064516,11.951612903225806,262.0,118.0,12,429.0
2010-01-01,0.8903225806451612,11.880645161290325,43.0,0.3941935483870967,28.421658986175117,14.5,10.096774193548388,90.21554252199414,333.0,18.0,103.0,6.0,40.0,,,184.0,,,1.0,,5.4,70.36183215472438,9.4,55.2,1.141290322580645,0.6516129032258062,0.7306451612903226,11.893548387096777,10.44516129032258,8.616487455197133,23.167155425219946,27.95852534562212,30.54377880184332,46.462365591397855,51.285714285714285,56.4665012406948,0.4731182795698925,0.4028673835125448,0.419758064516129,106.06451612903226,125.46774193548389,120.2803970223325,15.858870967741936,23.0,25.68279569892473,6.57258064516129,14.274193548387096,13.79032258064516,192.0,85.0,1,303.0
2010-02-01,0.8284946236559141,10.819354838709678,40.56802244039271,0.3487096774193549,36.54377880184332,13.152492668621704,8.07741935483871,73.00561009817672,367.0,22.0,104.0,5.0,47.0,1.0,,253.0,,,,2.0,6.3,68.0,22.0,99.7,0.8903225806451612,1.141290322580645,0.6516129032258062,11.880645161290325,11.893548387096777,10.44516129032258,28.421658986175117,23.167155425219946,27.95852534562212,43.0,46.462365591397855,51.285714285714285,0.3941935483870967,0.4731182795698925,0.4028673835125448,90.21554252199414,106.06451612903226,125.46774193548389,14.5,15.858870967741936,23.0,10.096774193548388,6.57258064516129,14.274193548387096,217.0,109.0,2,337.0
2010-03-01,0.7983870967741936,11.983870967741936,40.4726507713885,0.3545161290322581,50.37096774193549,24.37536656891496,12.903225806451612,69.52314165497896,390.0,15.0,114.0,8.0,61.0,,,266.0,,,,3.0,8.6,59.0,28.0,49.6,0.8284946236559141,0.8903225806451612,1.141290322580645,10.819354838709678,11.880645161290325,11.893548387096777,36.54377880184332,28.421658986175117,23.167155425219946,40.56802244039271,43.0,46.462365591397855,0.3487096774193549,0.3941935483870967,0.4731182795698925,73.00561009817672,90.21554252199414,106.06451612903226,13.152492668621704,14.5,15.858870967741936,8.07741935483871,10.096774193548388,6.57258064516129,229.0,97.0,3,361.0
2010-04-01,0.5913978494623656,9.896774193548389,36.54558204768583,0.3258064516129033,60.44239631336406,18.14369501466276,9.883870967741936,56.59467040673212,363.0,27.0,160.0,4.0,33.0,2.0,,229.0,,,,2.0,11.873714285714286,54.06667639334695,20.712404214559385,29.152178331997984,0.7983870967741936,0.8284946236559141,0.8903225806451612,11.983870967741936,10.819354838709678,11.880645161290325,50.37096774193549,36.54377880184332,28.421658986175117,40.4726507713885,40.56802244039271,43.0,0.3545161290322581,0.3487096774193549,0.3941935483870967,69.52314165497896,73.00561009817672,90.21554252199414,24.37536656891496,13.152492668621704,14.5,12.903225806451612,8.07741935483871,10.096774193548388,205.0,106.0,4,316.0
2010-05-01,0.4924731182795699,9.629032258064516,28.192145862552596,0.2774193548387097,66.10138248847926,19.7683284457478,11.66451612903226,45.3492286115007,284.0,15.0,130.0,2.0,51.0,,,202.0,3.0,1.0,,,15.6,50.0,12.0,21.7,0.5913978494623656,0.7983870967741936,0.8284946236559141,9.896774193548389,11.983870967741936,10.819354838709678,60.44239631336406,50.37096774193549,36.54377880184332,36.54558204768583,40.4726507713885,40.56802244039271,0.3258064516129033,0.3545161290322581,0.3487096774193549,56.59467040673212,69.52314165497896,73.00561009817672,18.14369501466276,24.37536656891496,13.152492668621704,9.883870967741936,12.903225806451612,8.07741935483871,145.0,57.0,5,271.0
2010-06-01,0.5064516129032258,6.841935483870968,33.78629032258065,0.2648387096774194,57.63133640552996,18.37903225806452,10.204301075268818,50.76612903225807,254.0,15.0,47.0,5.0,38.0,,,177.0,,,,,20.2,48.0,15.0,50.9,0.4924731182795699,0.5913978494623656,0.7983870967741936,9.629032258064516,9.896774193548389,11.983870967741936,66.10138248847926,60.44239631336406,50.37096774193549,28.192145862552596,36.54558204768583,40.4726507713885,0.2774193548387097,0.3258064516129033,0.3545161290322581,45.3492286115007,56.59467040673212,69.52314165497896,19.7683284457478,18.14369501466276,24.37536656891496,11.66451612903226,9.883870967741936,12.903225806451612,148.0,43.0,6,221.0
2010-07-01,0.6150537634408603,6.574193548387098,38.61424731182796,0.2754838709677419,65.47235023041475,23.798387096774192,12.870967741935482,55.46236559139785,237.0,4.0,53.0,1.0,37.0,,,145.0,,,,,27.1,39.0,5.9,9.9,0.5064516129032258,0.4924731182795699,0.5913978494623656,6.841935483870968,9.629032258064516,9.896774193548389,57.63133640552996,66.10138248847926,60.44239631336406,33.78629032258065,28.192145862552596,36.54558204768583,0.2648387096774194,0.2774193548387097,0.3258064516129033,50.76612903225807,45.3492286115007,56.59467040673212,18.37903225806452,19.7683284457478,18.14369501466276,10.204301075268818,11.66451612903226,9.883870967741936,133.0,50.0,7,215.0
2010-08-01,0.5107526881720431,6.361290322580645,31.705645161290324,0.2703225806451613,56.77188940092166,27.25268817204301,12.994623655913978,45.76209677419354,293.0,10.0,65.0,4.0,46.0,1.0,1.0,143.0,,,,,25.4,42.0,1.4,2.0,0.6150537634408603,0.5064516129032258,0.4924731182795699,6.574193548387098,6.841935483870968,9.629032258064516,65.47235023041475,57.63133640552996,66.10138248847926,38.61424731182796,33.78629032258065,28.192145862552596,0.2754838709677419,0.2648387096774194,0.2774193548387097,55.46236559139785,50.76612903225807,45.3492286115007,23.798387096774192,18.37903225806452,19.7683284457478,12.870967741935482,10.204301075268818,11.66451612903226,152.0,73.0,8,222.0
2010-09-01,0.7064516129032259,6.870967741935484,46.47124824684432,0.3222580645161291,44.30024813895781,24.89516129032258,11.548387096774194,75.62692847124825,380.0,27.0,159.0,6.0,48.0,1.0,,237.0,,,,1.0,19.8032249685343,49.65079365079365,11.73348891181021,28.088764275140107,0.5107526881720431,0.6150537634408603,0.5064516129032258,6.361290322580645,6.574193548387098,6.841935483870968,56.77188940092166,65.47235023041475,57.63133640552996,31.705645161290324,38.61424731182796,33.78629032258065,0.2703225806451613,0.2754838709677419,0.2648387096774194,45.76209677419354,55.46236559139785,50.76612903225807,27.25268817204301,23.798387096774192,18.37903225806452,12.994623655913978,12.870967741935482,10.204301075268818,263.0,105.0,9,337.0
2010-10-01,0.9263440860215054,9.315412186379929,58.70827489481066,0.4358064516129032,32.65260545905707,25.177419354838708,13.080645161290322,117.79663394109396,387.0,11.0,100.0,7.0,36.0,,,230.0,,,,2.0,13.187387272508309,58.34920634920636,22.0,49.4,0.7064516129032259,0.5107526881720431,0.6150537634408603,6.870967741935484,6.361290322580645,6.574193548387098,44.30024813895781,56.77188940092166,65.47235023041475,46.47124824684432,31.705645161290324,38.61424731182796,0.3222580645161291,0.2703225806451613,0.2754838709677419,75.62692847124825,45.76209677419354,55.46236559139785,24.89516129032258,27.25268817204301,23.798387096774192,11.548387096774194,12.994623655913978,12.870967741935482,302.0,100.0,10,387.0
2010-11-01,0.925268817204301,9.709677419354838,50.97715053763441,0.4283870967741935,27.520737327188943,17.411290322580644,10.763440860215054,109.45833333333331,488.0,25.0,127.0,2.0,51.0,,,278.0,,,,1.0,8.5,66.0,8.9,27.8,0.9263440860215054,0.7064516129032259,0.5107526881720431,9.315412186379929,6.870967741935484,6.361290322580645,32.65260545905707,44.30024813895781,56.77188940092166,58.70827489481066,46.47124824684432,31.705645161290324,0.4358064516129032,0.3222580645161291,0.2703225806451613,117.79663394109396,75.62692847124825,45.76209677419354,25.177419354838708,24.89516129032258,27.25268817204301,13.080645161290322,11.548387096774194,12.994623655913978,275.0,108.0,11,468.0
2010-12-01,1.096774193548387,11.793548387096774,57.702956989247305,0.5025806451612904,19.617511520737327,19.08333333333333,11.505376344086022,134.06720430107526,622.0,24.0,194.0,5.0,46.0,2.0,,364.0,,,,,6.517992290142396,70.93460764587525,6.856521857923497,23.09388881603077,0.925268817204301,0.9263440860215054,0.7064516129032259,9.709677419354838,9.315412186379929,6.870967741935484,27.520737327188943,32.65260545905707,44.30024813895781,50.97715053763441,58.70827489481066,46.47124824684432,0.4283870967741935,0.4358064516129032,0.3222580645161291,109.45833333333331,117.79663394109396,75.62692847124825,17.411290322580644,25.177419354838708,24.89516129032258,10.763440860215054,13.080645161290322,11.548387096774194,238.0,116.0,12,456.0
2011-01-01,1.1225806451612903,11.806451612903226,55.534946236559136,0.4890322580645161,21.313364055299537,20.086021505376344,12.155913978494624,131.24462365591398,462.0,27.0,122.0,5.0,51.0,,,241.0,,,,2.0,6.251978601211548,71.0,6.81501092896175,21.537325834217707,1.096774193548387,0.925268817204301,0.9263440860215054,11.793548387096774,9.709677419354838,9.315412186379929,19.617511520737327,27.520737327188943,32.65260545905707,57.702956989247305,50.97715053763441,58.70827489481066,0.5025806451612904,0.4283870967741935,0.4358064516129032,134.06720430107526,109.45833333333331,117.79663394109396,19.08333333333333,17.411290322580644,25.177419354838708,11.505376344086022,10.763440860215054,13.080645161290322,184.0,103.0,1,333.0
2011-02-01,0.9618279569892472,9.864516129032255,55.47715053763441,0.4393548387096775,26.437788018433174,21.411290322580644,11.908602150537634,129.83736559139786,481.0,32.0,144.0,3.0,60.0,,,247.0,,,,1.0,8.0,61.0,8.3,22.6,1.1225806451612903,1.096774193548387,0.925268817204301,11.806451612903226,11.793548387096774,9.709677419354838,21.313364055299537,19.617511520737327,27.520737327188943,55.534946236559136,57.702956989247305,50.97715053763441,0.4890322580645161,0.5025806451612904,0.4283870967741935,131.24462365591398,134.06720430107526,109.45833333333331,20.086021505376344,19.08333333333333,17.411290322580644,12.155913978494624,11.505376344086022,10.763440860215054,253.0,104.0,2,367.0
2011-03-01,0.7510752688172043,8.17741935483871,40.655913978494624,0.3390322580645162,49.50691244239631,18.766129032258064,10.204301075268818,64.72177419354838,392.0,15.0,103.0,3.0,68.0,,,235.0,,,1.0,,11.014314438765329,57.04960214896991,14.645732510288065,33.86339501374636,0.9618279569892472,1.1225806451612903,1.096774193548387,9.864516129032255,11.806451612903226,11.793548387096774,26.437788018433174,21.313364055299537,19.617511520737327,55.47715053763441,55.534946236559136,57.702956989247305,0.4393548387096775,0.4890322580645161,0.5025806451612904,129.83736559139786,131.24462365591398,134.06720430107526,21.411290322580644,20.086021505376344,19.08333333333333,11.908602150537634,12.155913978494624,11.505376344086022,266.0,114.0,3,390.0
2011-04-01,0.6134408602150538,6.367741935483871,38.40994623655914,0.2970967741935485,57.77649769585253,26.126344086021504,12.758064516129032,60.685483870967744,366.0,16.0,132.0,7.0,61.0,,,213.0,,,,,14.347927123144691,54.18611298880892,24.198298353909465,51.929775102119606,0.7510752688172043,0.9618279569892472,1.1225806451612903,8.17741935483871,9.864516129032255,11.806451612903226,49.50691244239631,26.437788018433174,21.313364055299537,40.655913978494624,55.47715053763441,55.534946236559136,0.3390322580645162,0.4393548387096775,0.4890322580645161,64.72177419354838,129.83736559139786,131.24462365591398,18.766129032258064,21.411290322580644,20.086021505376344,10.204301075268818,11.908602150537634,12.155913978494624,229.0,160.0,4,363.0
2011-05-01,0.485483870967742,6.070967741935484,36.28360215053763,0.2361290322580645,58.83179723502304,19.913978494623656,10.865591397849462,52.869623655913976,327.0,15.0,67.0,4.0,60.0,,,204.0,,,,,18.0,50.0,29.0,59.8,0.6134408602150538,0.7510752688172043,0.9618279569892472,6.367741935483871,8.17741935483871,9.864516129032255,57.77649769585253,49.50691244239631,26.437788018433174,38.40994623655914,40.655913978494624,55.47715053763441,0.2970967741935485,0.3390322580645162,0.4393548387096775,60.685483870967744,64.72177419354838,129.83736559139786,26.126344086021504,18.766129032258064,21.411290322580644,12.758064516129032,10.204301075268818,11.908602150537634,202.0,130.0,5,284.0
2011-06-01,0.5365591397849462,6.019354838709678,35.70564516129033,0.2596774193548388,63.48847926267281,22.946236559139788,11.919354838709678,51.663978494623656,238.0,4.0,53.0,2.0,41.0,2.0,,137.0,,,,2.0,22.2,42.0,8.8,20.6,0.485483870967742,0.6134408602150538,0.7510752688172043,6.070967741935484,6.367741935483871,8.17741935483871,58.83179723502304,57.77649769585253,49.50691244239631,36.28360215053763,38.40994623655914,40.655913978494624,0.2361290322580645,0.2970967741935485,0.3390322580645162,52.869623655913976,60.685483870967744,64.72177419354838,19.913978494623656,26.126344086021504,18.766129032258064,10.865591397849462,12.758064516129032,10.204301075268818,177.0,47.0,6,254.0
2011-07-01,0.4672043010752688,5.590322580645162,29.497311827956988,0.2296774193548387,67.12442396313364,21.23924731182796,10.661290322580646,41.583333333333336,226.0,6.0,42.0,5.0,34.0,1.0,,136.0,,,1.0,,24.96538707396023,39.61274509803921,8.45730119724695,13.565080074428666,0.5365591397849462,0.485483870967742,0.6134408602150538,6.019354838709678,6.070967741935484,6.367741935483871,63.48847926267281,58.83179723502304,57.77649769585253,35.70564516129033,36.28360215053763,38.40994623655914,0.2596774193548388,0.2361290322580645,0.2970967741935485,51.663978494623656,52.869623655913976,60.685483870967744,22.946236559139788,19.913978494623656,26.126344086021504,11.919354838709678,10.865591397849462,12.758064516129032,145.0,53.0,7,237.0
2011-08-01,0.4876344086021505,5.5612903225806445,33.82795698924731,0.2312903225806452,63.13133640552996,23.38440860215054,10.81720430107527,48.59274193548387,233.0,8.0,69.0,6.0,56.0,,,149.0,,,1.0,2.0,24.9,41.0,8.2,9.3,0.4672043010752688,0.5365591397849462,0.485483870967742,5.590322580645162,6.019354838709678,6.070967741935484,67.12442396313364,63.48847926267281,58.83179723502304,29.497311827956988,35.70564516129033,36.28360215053763,0.2296774193548387,0.2596774193548388,0.2361290322580645,41.583333333333336,51.663978494623656,52.869623655913976,21.23924731182796,22.946236559139788,19.913978494623656,10.661290322580646,11.919354838709678,10.865591397849462,143.0,65.0,8,293.0
2011-09-01,0.7596774193548388,5.003225806451613,48.096774193548384,0.3216129032258065,48.73963133640553,26.10215053763441,12.03763440860215,80.00268817204301,386.0,18.0,126.0,4.0,65.0,1.0,,212.0,,1.0,,1.0,21.727627482183628,45.79861111111111,6.157614944101963,7.545849279717314,0.4876344086021505,0.4672043010752688,0.5365591397849462,5.5612903225806445,5.590322580645162,6.019354838709678,63.13133640552996,67.12442396313364,63.48847926267281,33.82795698924731,29.497311827956988,35.70564516129033,0.2312903225806452,0.2296774193548387,0.2596774193548388,48.59274193548387,41.583333333333336,51.663978494623656,23.38440860215054,21.23924731182796,22.946236559139788,10.81720430107527,10.661290322580646,11.919354838709678,237.0,159.0,9,380.0
2011-10-01,0.914516129032258,3.858064516129032,50.16801075268817,0.4112903225806452,33.97926267281106,28.658602150537632,12.306451612903226,99.56048387096774,361.0,15.0,97.0,4.0,49.0,1.0,,219.0,,,,,16.7,54.0,4.2,8.3,0.7596774193548388,0.4876344086021505,0.4672043010752688,5.003225806451613,5.5612903225806445,5.590322580645162,48.73963133640553,63.13133640552996,67.12442396313364,48.096774193548384,33.82795698924731,29.497311827956988,0.3216129032258065,0.2312903225806452,0.2296774193548387,80.00268817204301,48.59274193548387,41.583333333333336,26.10215053763441,23.38440860215054,21.23924731182796,12.03763440860215,10.81720430107527,10.661290322580646,230.0,100.0,10,387.0
2011-11-01,0.9268817204301076,5.4,45.99327956989247,0.4487096774193548,20.67281105990784,19.225806451612904,11.634408602150538,105.00940860215051,504.0,42.0,168.0,2.0,64.0,1.0,,255.0,,,,1.0,10.6,71.0,16.0,43.5,0.914516129032258,0.7596774193548388,0.4876344086021505,3.858064516129032,5.003225806451613,5.5612903225806445,33.97926267281106,48.73963133640553,63.13133640552996,50.16801075268817,48.096774193548384,33.82795698924731,0.4112903225806452,0.3216129032258065,0.2312903225806452,99.56048387096774,80.00268817204301,48.59274193548387,28.658602150537632,26.10215053763441,23.38440860215054,12.306451612903226,12.03763440860215,10.81720430107527,278.0,127.0,11,488.0
2011-12-01,1.2978494623655916,7.33225806451613,55.564516129032256,0.5912903225806452,16.39400921658986,22.86827956989248,13.446236559139786,164.33602150537635,582.0,40.0,174.0,2.0,87.0,1.0,,343.0,1.0,,1.0,1.0,6.5,68.0,2.4,6.0,0.9268817204301076,0.914516129032258,0.7596774193548388,5.4,3.858064516129032,5.003225806451613,20.67281105990784,33.97926267281106,48.73963133640553,45.99327956989247,50.16801075268817,48.096774193548384,0.4487096774193548,0.4112903225806452,0.3216129032258065,105.00940860215051,99.56048387096774,80.00268817204301,19.225806451612904,28.658602150537632,26.10215053763441,11.634408602150538,12.306451612903226,12.03763440860215,364.0,194.0,12,622.0
2012-01-01,1.3973118279569892,9.338709677419356,58.708333333333336,0.6203225806451613,15.122119815668205,20.916666666666668,14.295698924731184,174.2715053763441,460.0,29.0,136.0,4.0,67.0,,,219.0,,,1.0,,4.145522865366167,56.39871194379391,3.5549959718434243,4.58894741620869,1.2978494623655916,0.9268817204301076,0.914516129032258,7.33225806451613,5.4,3.858064516129032,16.39400921658986,20.67281105990784,33.97926267281106,55.564516129032256,45.99327956989247,50.16801075268817,0.5912903225806452,0.4487096774193548,0.4112903225806452,164.33602150537635,105.00940860215051,99.56048387096774,22.86827956989248,19.225806451612904,28.658602150537632,13.446236559139786,11.634408602150538,12.306451612903226,241.0,122.0,1,462.0
2012-02-01,0.8833333333333333,7.890322580645162,44.78763440860215,0.424516129032258,31.861751152073733,15.06720430107527,9.758064516129032,93.82123655913978,441.0,35.0,127.0,4.0,73.0,,,260.0,,,,,5.3,47.0,4.5,4.6,1.3973118279569892,1.2978494623655916,0.9268817204301076,9.338709677419356,7.33225806451613,5.4,15.122119815668205,16.39400921658986,20.67281105990784,58.708333333333336,55.564516129032256,45.99327956989247,0.6203225806451613,0.5912903225806452,0.4487096774193548,174.2715053763441,164.33602150537635,105.00940860215051,20.916666666666668,22.86827956989248,19.225806451612904,14.295698924731184,13.446236559139786,11.634408602150538,247.0,144.0,2,481.0
2012-03-01,0.720967741935484,5.97741935483871,43.064516129032256,0.3887096774193549,43.066820276497694,22.29301075268817,10.844086021505376,73.78091397849462,434.0,32.0,90.0,6.0,47.0,,,242.0,,,1.0,2.0,9.474757828974816,44.92727518046279,4.334088809716897,6.129750983614164,0.8833333333333333,1.3973118279569892,1.2978494623655916,7.890322580645162,9.338709677419356,7.33225806451613,31.861751152073733,15.122119815668205,16.39400921658986,44.78763440860215,58.708333333333336,55.564516129032256,0.424516129032258,0.6203225806451613,0.5912903225806452,93.82123655913978,174.2715053763441,164.33602150537635,15.06720430107527,20.916666666666668,22.86827956989248,9.758064516129032,14.295698924731184,13.446236559139786,235.0,103.0,3,392.0
2012-04-01,0.4650537634408603,2.645161290322581,25.41397849462366,0.2793548387096775,54.75345622119816,13.225806451612904,7.435483870967741,38.435483870967744,356.0,18.0,101.0,2.0,54.0,,,182.0,,,,,14.021643718213287,44.45746475072523,4.019674370259402,7.983448734690334,0.720967741935484,0.8833333333333333,1.3973118279569892,5.97741935483871,7.890322580645162,9.338709677419356,43.066820276497694,31.861751152073733,15.122119815668205,43.064516129032256,44.78763440860215,58.708333333333336,0.3887096774193549,0.424516129032258,0.6203225806451613,73.78091397849462,93.82123655913978,174.2715053763441,22.29301075268817,15.06720430107527,20.916666666666668,10.844086021505376,9.758064516129032,14.295698924731184,213.0,132.0,4,366.0
2012-05-01,0.5510752688172044,2.645161290322581,32.435483870967744,0.2890322580645161,53.57142857142857,22.376344086021504,10.763440860215054,50.20564516129033,265.0,14.0,87.0,4.0,37.0,,,162.0,,,,,18.7,43.0,3.4,9.2,0.4650537634408603,0.720967741935484,0.8833333333333333,2.645161290322581,5.97741935483871,7.890322580645162,54.75345622119816,43.066820276497694,31.861751152073733,25.41397849462366,43.064516129032256,44.78763440860215,0.2793548387096775,0.3887096774193549,0.424516129032258,38.435483870967744,73.78091397849462,93.82123655913978,13.225806451612904,22.29301075268817,15.06720430107527,7.435483870967741,10.844086021505376,9.758064516129032,204.0,67.0,5,327.0
2012-06-01,0.5435483870967742,2.564516129032258,25.861559139784948,0.2258064516129033,55.37557603686636,37.57795698924731,13.03763440860215,38.20967741935484,233.0,7.0,41.0,3.0,49.0,,,135.0,,,,,23.6,39.0,0.3,0.5,0.5510752688172044,0.4650537634408603,0.720967741935484,2.645161290322581,2.645161290322581,5.97741935483871,53.57142857142857,54.75345622119816,43.066820276497694,32.435483870967744,25.41397849462366,43.064516129032256,0.2890322580645161,0.2793548387096775,0.3887096774193549,50.20564516129033,38.435483870967744,73.78091397849462,22.376344086021504,13.225806451612904,22.29301075268817,10.763440860215054,7.435483870967741,10.844086021505376,137.0,53.0,6,238.0
2012-07-01,0.5806451612903226,2.7451612903225806,28.716397849462368,0.2461290322580645,64.76497695852535,30.66397849462366,12.349462365591398,41.545698924731184,198.0,5.0,36.0,,33.0,2.0,,116.0,,,,,25.593444214958826,39.15024504425426,1.124421670870925,4.008346896682255,0.5435483870967742,0.5510752688172044,0.4650537634408603,2.564516129032258,2.645161290322581,2.645161290322581,55.37557603686636,53.57142857142857,54.75345622119816,25.861559139784948,32.435483870967744,25.41397849462366,0.2258064516129033,0.2890322580645161,0.2793548387096775,38.20967741935484,50.20564516129033,38.435483870967744,37.57795698924731,22.376344086021504,13.225806451612904,13.03763440860215,10.763440860215054,7.435483870967741,136.0,42.0,7,226.0
2012-08-01,0.6365591397849463,2.358064516129033,28.986559139784948,0.2567741935483871,53.70506912442397,42.20967741935484,15.295698924731184,45.23387096774193,212.0,7.0,72.0,3.0,47.0,,,100.0,,,,,23.89890349583101,42.927730231877696,6.345388222556033,20.742011434727612,0.5806451612903226,0.5435483870967742,0.5510752688172044,2.7451612903225806,2.564516129032258,2.645161290322581,64.76497695852535,55.37557603686636,53.57142857142857,28.716397849462368,25.861559139784948,32.435483870967744,0.2461290322580645,0.2258064516129033,0.2890322580645161,41.545698924731184,38.20967741935484,50.20564516129033,30.66397849462366,37.57795698924731,22.376344086021504,12.349462365591398,13.03763440860215,10.763440860215054,149.0,69.0,8,233.0
2012-09-01,0.6844086021505377,2.2,32.598118279569896,0.283225806451613,46.56221198156682,22.045698924731184,11.629032258064518,53.318548387096776,347.0,26.0,125.0,3.0,56.0,2.0,,195.0,,,,,20.1,49.0,13.12414393880568,42.21150252443185,0.6365591397849463,0.5806451612903226,0.5435483870967742,2.358064516129033,2.7451612903225806,2.564516129032258,53.70506912442397,64.76497695852535,55.37557603686636,28.986559139784948,28.716397849462368,25.861559139784948,0.2567741935483871,0.2461290322580645,0.2258064516129033,45.23387096774193,41.545698924731184,38.20967741935484,42.20967741935484,30.66397849462366,37.57795698924731,15.295698924731184,12.349462365591398,13.03763440860215,212.0,126.0,9,386.0
2012-10-01,1.1,3.0161290322580645,46.06720430107527,0.3622580645161291,26.258064516129032,20.08333333333333,11.526881720430106,90.3252688172043,414.0,25.0,120.0,5.0,39.0,1.0,,166.0,,,,1.0,14.414486371298754,60.04494138080764,18.621933103370218,59.92732907609072,0.6844086021505377,0.6365591397849463,0.5806451612903226,2.2,2.358064516129033,2.7451612903225806,46.56221198156682,53.70506912442397,64.76497695852535,32.598118279569896,28.986559139784948,28.716397849462368,0.283225806451613,0.2567741935483871,0.2461290322580645,53.318548387096776,45.23387096774193,41.545698924731184,22.045698924731184,42.20967741935484,30.66397849462366,11.629032258064518,15.295698924731184,12.349462365591398,219.0,97.0,10,361.0
2012-11-01,0.9155913978494624,4.438709677419355,39.030913978494624,0.3461290322580646,23.24423963133641,16.11021505376344,9.618279569892474,76.35887096774194,440.0,24.0,126.0,4.0,67.0,1.0,,211.0,,1.0,1.0,1.0,8.8,71.0,20.0,65.4,1.1,0.6844086021505377,0.6365591397849463,3.0161290322580645,2.2,2.358064516129033,26.258064516129032,46.56221198156682,53.70506912442397,46.06720430107527,32.598118279569896,28.986559139784948,0.3622580645161291,0.283225806451613,0.2567741935483871,90.3252688172043,53.318548387096776,45.23387096774193,20.08333333333333,22.045698924731184,42.20967741935484,11.526881720430106,11.629032258064518,15.295698924731184,255.0,168.0,11,504.0
2012-12-01,1.293010752688172,5.658064516129032,49.98118279569892,0.4670967741935484,17.716589861751153,15.763440860215054,12.494623655913978,126.64516129032258,495.0,27.0,148.0,8.0,75.0,,,223.0,,,,1.0,5.7,73.0,2.0,8.4,0.9155913978494624,1.1,0.6844086021505377,4.438709677419355,3.0161290322580645,2.2,23.24423963133641,26.258064516129032,46.56221198156682,39.030913978494624,46.06720430107527,32.598118279569896,0.3461290322580646,0.3622580645161291,0.283225806451613,76.35887096774194,90.3252688172043,53.318548387096776,16.11021505376344,20.08333333333333,22.045698924731184,9.618279569892474,11.526881720430106,11.629032258064518,343.0,174.0,12,582.0
2013-01-01,1.1075268817204302,5.190322580645161,43.70698924731183,0.4245161290322581,26.09447004608295,13.827956989247312,9.978494623655914,108.57795698924733,435.0,23.0,113.0,3.0,65.0,,,219.0,,,,2.0,5.9,67.0,4.7,21.9,1.293010752688172,0.9155913978494624,1.1,5.658064516129032,4.438709677419355,3.0161290322580645,17.716589861751153,23.24423963133641,26.258064516129032,49.98118279569892,39.030913978494624,46.06720430107527,0.4670967741935484,0.3461290322580646,0.3622580645161291,126.64516129032258,76.35887096774194,90.3252688172043,15.763440860215054,16.11021505376344,20.08333333333333,12.494623655913978,9.618279569892474,11.526881720430106,219.0,136.0,1,460.0
2013-02-01,0.8010752688172044,4.683870967741935,34.538978494623656,0.3435483870967742,32.21889400921659,10.419354838709678,8.059139784946238,71.23252688172043,473.0,34.0,114.0,5.0,48.0,1.0,,245.0,1.0,,2.0,,7.126733013040493,66.21443965517241,9.290471163245355,49.75313918878327,1.1075268817204302,1.293010752688172,0.9155913978494624,5.190322580645161,5.658064516129032,4.438709677419355,26.09447004608295,17.716589861751153,23.24423963133641,43.70698924731183,49.98118279569892,39.030913978494624,0.4245161290322581,0.4670967741935484,0.3461290322580646,108.57795698924733,126.64516129032258,76.35887096774194,13.827956989247312,15.763440860215054,16.11021505376344,9.978494623655914,12.494623655913978,9.618279569892474,260.0,127.0,2,441.0
2013-03-01,0.5887096774193549,3.9967741935483874,28.541666666666668,0.3045161290322581,48.122119815668206,11.78763440860215,7.564516129032259,44.346774193548384,387.0,29.0,113.0,2.0,45.0,1.0,,241.0,,,,,8.7,64.0,13.0,71.3,0.8010752688172044,1.1075268817204302,1.293010752688172,4.683870967741935,5.190322580645161,5.658064516129032,32.21889400921659,26.09447004608295,17.716589861751153,34.538978494623656,43.70698924731183,49.98118279569892,0.3435483870967742,0.4245161290322581,0.4670967741935484,71.23252688172043,108.57795698924733,126.64516129032258,10.419354838709678,13.827956989247312,15.763440860215054,8.059139784946238,9.978494623655914,12.494623655913978,242.0,90.0,3,434.0
2013-04-01,0.5064516129032258,3.335483870967741,25.7997311827957,0.2780645161290323,56.967741935483865,16.03763440860215,8.725806451612902,39.45698924731183,396.0,27.0,166.0,7.0,58.0,,,204.0,,,,2.0,11.052836879432624,56.25390625,11.167788913247728,48.14420210210044,0.5887096774193549,0.8010752688172044,1.1075268817204302,3.9967741935483874,4.683870967741935,5.190322580645161,48.122119815668206,32.21889400921659,26.09447004608295,28.541666666666668,34.538978494623656,43.70698924731183,0.3045161290322581,0.3435483870967742,0.4245161290322581,44.346774193548384,71.23252688172043,108.57795698924733,11.78763440860215,10.419354838709678,13.827956989247312,7.564516129032259,8.059139784946238,9.978494623655914,182.0,101.0,4,356.0
2013-05-01,0.4725806451612904,2.9290322580645163,25.63978494623656,0.263225806451613,65.02995391705069,14.161290322580646,7.940860215053763,38.71370967741935,344.0,26.0,122.0,8.0,40.0,1.0,,186.0,,,1.0,,14.2,48.0,7.7,18.3,0.5064516129032258,0.5887096774193549,0.8010752688172044,3.335483870967741,3.9967741935483874,4.683870967741935,56.967741935483865,48.122119815668206,32.21889400921659,25.7997311827957,28.541666666666668,34.538978494623656,0.2780645161290323,0.3045161290322581,0.3435483870967742,39.45698924731183,44.346774193548384,71.23252688172043,16.03763440860215,11.78763440860215,10.419354838709678,8.725806451612902,7.564516129032259,8.059139784946238,162.0,87.0,5,265.0
2013-06-01,0.435483870967742,2.770967741935484,23.301075268817204,0.227741935483871,71.28571428571429,21.10483870967742,9.241935483870968,34.20564516129032,271.0,16.0,67.0,1.0,45.0,1.0,,167.0,,,1.0,1.0,20.46375786163522,40.62961647727273,8.210363146891199,13.770371620875869,0.4725806451612904,0.5064516129032258,0.5887096774193549,2.9290322580645163,3.335483870967741,3.9967741935483874,65.02995391705069,56.967741935483865,48.122119815668206,25.63978494623656,25.7997311827957,28.541666666666668,0.263225806451613,0.2780645161290323,0.3045161290322581,38.71370967741935,39.45698924731183,44.346774193548384,14.161290322580646,16.03763440860215,11.78763440860215,7.940860215053763,8.725806451612902,7.564516129032259,135.0,41.0,6,233.0
2013-07-01,0.5204301075268817,3.216129032258064,28.760752688172044,0.2432258064516129,82.81797235023042,34.6505376344086,14.112903225806454,39.69758064516129,207.0,7.0,55.0,6.0,39.0,,1.0,141.0,,,2.0,,26.7,35.0,8.8,9.1,0.435483870967742,0.4725806451612904,0.5064516129032258,2.770967741935484,2.9290322580645163,3.335483870967741,71.28571428571429,65.02995391705069,56.967741935483865,23.301075268817204,25.63978494623656,25.7997311827957,0.227741935483871,0.263225806451613,0.2780645161290323,34.20564516129032,38.71370967741935,39.45698924731183,21.10483870967742,14.161290322580646,16.03763440860215,9.241935483870968,7.940860215053763,8.725806451612902,116.0,36.0,7,198.0
2013-08-01,0.4677419354838711,3.3225806451612905,27.900537634408604,0.2261290322580646,73.94700460829493,28.36559139784946,11.473118279569894,46.20683416046319,275.0,19.0,87.0,9.0,40.0,,,134.0,,,1.0,1.0,26.2,38.0,0.7,1.0,0.5204301075268817,0.435483870967742,0.4725806451612904,3.216129032258064,2.770967741935484,2.9290322580645163,82.81797235023042,71.28571428571429,65.02995391705069,28.760752688172044,23.301075268817204,25.63978494623656,0.2432258064516129,0.227741935483871,0.263225806451613,39.69758064516129,34.20564516129032,38.71370967741935,34.6505376344086,21.10483870967742,14.161290322580646,14.112903225806454,9.241935483870968,7.940860215053763,100.0,72.0,8,212.0
2013-09-01,0.6553763440860215,3.483870967741935,36.295698924731184,0.2819354838709677,51.71198156682028,21.25268817204301,10.61290322580645,59.22849462365591,326.0,24.0,110.0,6.0,38.0,,,188.0,,,,,21.83525690184049,45.0,5.5367032713481965,14.147978339691948,0.4677419354838711,0.5204301075268817,0.435483870967742,3.3225806451612905,3.216129032258064,2.770967741935484,73.94700460829493,82.81797235023042,71.28571428571429,27.900537634408604,28.760752688172044,23.301075268817204,0.2261290322580646,0.2432258064516129,0.227741935483871,46.20683416046319,39.69758064516129,34.20564516129032,28.36559139784946,34.6505376344086,21.10483870967742,11.473118279569894,14.112903225806454,9.241935483870968,195.0,125.0,9,347.0
2013-10-01,0.8758064516129034,3.929032258064516,41.4018817204301,0.352258064516129,29.11290322580645,19.056451612903228,12.370967741935482,81.64247311827957,331.0,30.0,121.0,5.0,52.0,,,191.0,,1.0,,1.0,16.3,57.0,12.0,32.1,0.6553763440860215,0.4677419354838711,0.5204301075268817,3.483870967741935,3.3225806451612905,3.216129032258064,51.71198156682028,73.94700460829493,82.81797235023042,36.295698924731184,27.900537634408604,28.760752688172044,0.2819354838709677,0.2261290322580646,0.2432258064516129,59.22849462365591,46.20683416046319,39.69758064516129,21.25268817204301,28.36559139784946,34.6505376344086,10.61290322580645,11.473118279569894,14.112903225806454,166.0,120.0,10,414.0
2013-11-01,0.7123655913978494,6.029032258064516,38.08736559139785,0.3638709677419355,28.564516129032256,13.626344086021506,7.973118279569893,76.72849462365592,487.0,33.0,157.0,7.0,45.0,2.0,,273.0,,,,1.0,9.1,56.0,7.7,11.0,0.8758064516129034,0.6553763440860215,0.4677419354838711,3.929032258064516,3.483870967741935,3.3225806451612905,29.11290322580645,51.71198156682028,73.94700460829493,41.4018817204301,36.295698924731184,27.900537634408604,0.352258064516129,0.2819354838709677,0.2261290322580646,81.64247311827957,59.22849462365591,46.20683416046319,19.056451612903228,21.25268817204301,28.36559139784946,12.370967741935482,10.61290322580645,11.473118279569894,211.0,126.0,11,440.0
2013-12-01,1.1145161290322578,9.019354838709678,56.58602150537634,0.5480645161290323,21.57834101382489,15.897849462365592,11.93010752688172,141.69623655913978,494.0,56.0,163.0,2.0,45.0,1.0,,287.0,,,5.0,,5.6,60.0,23.0,38.6,0.7123655913978494,0.8758064516129034,0.6553763440860215,6.029032258064516,3.929032258064516,3.483870967741935,28.564516129032256,29.11290322580645,51.71198156682028,38.08736559139785,41.4018817204301,36.295698924731184,0.3638709677419355,0.352258064516129,0.2819354838709677,76.72849462365592,81.64247311827957,59.22849462365591,13.626344086021506,19.056451612903228,21.25268817204301,7.973118279569893,12.370967741935482,10.61290322580645,223.0,148.0,12,495.0
2014-01-01,0.7989247311827956,5.851612903225806,38.25537634408602,0.4229032258064517,34.41244239631337,13.048387096774194,8.61290322580645,78.73924731182795,352.0,26.0,104.0,3.0,53.0,,,225.0,,,1.0,1.0,7.6,67.0,10.0,61.4,1.1145161290322578,0.7123655913978494,0.8758064516129034,9.019354838709678,6.029032258064516,3.929032258064516,21.57834101382489,28.564516129032256,29.11290322580645,56.58602150537634,38.08736559139785,41.4018817204301,0.5480645161290323,0.3638709677419355,0.352258064516129,141.69623655913978,76.72849462365592,81.64247311827957,15.897849462365592,13.626344086021506,19.056451612903228,11.93010752688172,7.973118279569893,12.370967741935482,219.0,113.0,1,435.0
2014-02-01,0.653763440860215,4.696774193548388,31.952956989247312,0.3519354838709678,37.05299539170507,11.201612903225806,7.107526881720429,56.04569892473118,392.0,36.0,121.0,7.0,56.0,,,216.0,,,1.0,,7.0,63.0,15.0,45.0,0.7989247311827956,1.1145161290322578,0.7123655913978494,5.851612903225806,9.019354838709678,6.029032258064516,34.41244239631337,21.57834101382489,28.564516129032256,38.25537634408602,56.58602150537634,38.08736559139785,0.4229032258064517,0.5480645161290323,0.3638709677419355,78.73924731182795,141.69623655913978,76.72849462365592,13.048387096774194,15.897849462365592,13.626344086021506,8.61290322580645,11.93010752688172,7.973118279569893,245.0,114.0,2,473.0
2014-03-01,0.6838709677419353,6.467741935483872,38.33870967741935,0.4112903225806453,50.56221198156682,19.22849462365592,10.854838709677418,65.04569892473118,371.0,24.0,87.0,4.0,56.0,,,216.0,,,1.0,,10.4,50.0,18.0,24.2,0.653763440860215,0.7989247311827956,1.1145161290322578,4.696774193548388,5.851612903225806,9.019354838709678,37.05299539170507,34.41244239631337,21.57834101382489,31.952956989247312,38.25537634408602,56.58602150537634,0.3519354838709678,0.4229032258064517,0.5480645161290323,56.04569892473118,78.73924731182795,141.69623655913978,11.201612903225806,13.048387096774194,15.897849462365592,7.107526881720429,8.61290322580645,11.93010752688172,241.0,113.0,3,387.0
2014-04-01,0.4844086021505375,4.548387096774194,28.641129032258064,0.3267741935483871,51.88479262672811,16.71236559139785,9.327956989247312,46.310483870967744,306.0,19.0,157.0,5.0,33.0,1.0,,206.0,,,1.0,1.0,15.6,49.0,9.9,25.5,0.6838709677419353,0.653763440860215,0.7989247311827956,6.467741935483872,4.696774193548388,5.851612903225806,50.56221198156682,37.05299539170507,34.41244239631337,38.33870967741935,31.952956989247312,38.25537634408602,0.4112903225806453,0.3519354838709678,0.4229032258064517,65.04569892473118,56.04569892473118,78.73924731182795,19.22849462365592,11.201612903225806,13.048387096774194,10.854838709677418,7.107526881720429,8.61290322580645,204.0,166.0,4,396.0
2014-05-01,0.3752688172043011,3.6193548387096777,24.719086021505376,0.2964516129032259,72.26267281105991,17.182795698924732,9.956989247311828,35.87231182795699,302.0,27.0,92.0,8.0,48.0,1.0,,180.0,,,,1.0,17.5,40.0,5.0,19.2,0.4844086021505375,0.6838709677419353,0.653763440860215,4.548387096774194,6.467741935483872,4.696774193548388,51.88479262672811,50.56221198156682,37.05299539170507,28.641129032258064,38.33870967741935,31.952956989247312,0.3267741935483871,0.4112903225806453,0.3519354838709678,46.310483870967744,65.04569892473118,56.04569892473118,16.71236559139785,19.22849462365592,11.201612903225806,9.327956989247312,10.854838709677418,7.107526881720429,186.0,122.0,5,344.0
2014-06-01,0.4258064516129032,3.741935483870968,24.87231182795699,0.2700000000000001,73.6774193548387,19.594086021505376,10.225806451612904,35.19220430107527,264.0,13.0,51.0,,40.0,1.0,,137.0,,,1.0,1.0,21.8,36.0,6.6,9.4,0.3752688172043011,0.4844086021505375,0.6838709677419353,3.6193548387096777,4.548387096774194,6.467741935483872,72.26267281105991,51.88479262672811,50.56221198156682,24.719086021505376,28.641129032258064,38.33870967741935,0.2964516129032259,0.3267741935483871,0.4112903225806453,35.87231182795699,46.310483870967744,65.04569892473118,17.182795698924732,16.71236559139785,19.22849462365592,9.956989247311828,9.327956989247312,10.854838709677418,167.0,67.0,6,271.0
2014-07-01,0.4206451612903225,4.145161290322581,27.361559139784944,0.2625806451612903,76.1221198156682,21.346774193548388,11.215053763440862,38.61559139784946,224.0,9.0,37.0,1.0,48.0,,,88.0,,,1.0,1.0,24.2,35.0,2.0,3.3,0.4258064516129032,0.3752688172043011,0.4844086021505375,3.741935483870968,3.6193548387096777,4.548387096774194,73.6774193548387,72.26267281105991,51.88479262672811,24.87231182795699,24.719086021505376,28.641129032258064,0.2700000000000001,0.2964516129032259,0.3267741935483871,35.19220430107527,35.87231182795699,46.310483870967744,19.594086021505376,17.182795698924732,16.71236559139785,10.225806451612904,9.956989247311828,9.327956989247312,141.0,55.0,7,207.0
2014-08-01,0.3767741935483871,4.183870967741935,23.033602150537632,0.2551612903225807,71.16820276497695,22.11827956989248,10.381720430107526,32.689516129032256,244.0,17.0,79.0,6.0,38.0,,,115.0,,,,2.0,25.1,40.0,0.0,0.0,0.4206451612903225,0.4258064516129032,0.3752688172043011,4.145161290322581,3.741935483870968,3.6193548387096777,76.1221198156682,73.6774193548387,72.26267281105991,27.361559139784944,24.87231182795699,24.719086021505376,0.2625806451612903,0.2700000000000001,0.2964516129032259,38.61559139784946,35.19220430107527,35.87231182795699,21.346774193548388,19.594086021505376,17.182795698924732,11.215053763440862,10.225806451612904,9.956989247311828,134.0,87.0,8,275.0
2014-09-01,0.5406451612903226,3.6774193548387095,32.02150537634409,0.3141935483870968,50.944700460829495,19.545698924731184,10.623655913978494,51.26209677419354,375.0,32.0,119.0,8.0,51.0,,,198.0,,,,,23.044158004158007,44.95190588235294,-0.6231892569101871,-1.0892569194745885,0.3767741935483871,0.4206451612903225,0.4258064516129032,4.183870967741935,4.145161290322581,3.741935483870968,71.16820276497695,76.1221198156682,73.6774193548387,23.033602150537632,27.361559139784944,24.87231182795699,0.2551612903225807,0.2625806451612903,0.2700000000000001,32.689516129032256,38.61559139784946,35.19220430107527,22.11827956989248,21.346774193548388,19.594086021505376,10.381720430107526,11.215053763440862,10.225806451612904,188.0,110.0,9,326.0
2014-10-01,0.8516129032258064,3.8,44.42741935483871,0.4335483870967742,34.873271889400925,26.89516129032258,13.618279569892474,94.50806451612902,402.0,37.0,129.0,6.0,54.0,,,182.0,,,,,18.401704781704787,50.31689411764706,-0.4691551170620938,-0.1717536141046052,0.5406451612903226,0.3767741935483871,0.4206451612903225,3.6774193548387095,4.183870967741935,4.145161290322581,50.944700460829495,71.16820276497695,76.1221198156682,32.02150537634409,23.033602150537632,27.361559139784944,0.3141935483870968,0.2551612903225807,0.2625806451612903,51.26209677419354,32.689516129032256,38.61559139784946,19.545698924731184,22.11827956989248,21.346774193548388,10.623655913978494,10.381720430107526,11.215053763440862,191.0,121.0,10,331.0
2014-11-01,0.8473118279569894,5.245161290322581,40.07258064516129,0.4390322580645162,34.84101382488479,20.76344086021505,10.913978494623656,76.00806451612904,511.0,51.0,146.0,4.0,50.0,2.0,,235.0,,,,1.0,12.83717255717256,55.00592941176471,0.381141649048626,2.499216823318897,0.8516129032258064,0.5406451612903226,0.3767741935483871,3.8,3.6774193548387095,4.183870967741935,34.873271889400925,50.944700460829495,71.16820276497695,44.42741935483871,32.02150537634409,23.033602150537632,0.4335483870967742,0.3141935483870968,0.2551612903225807,94.50806451612902,51.26209677419354,32.689516129032256,26.89516129032258,19.545698924731184,22.11827956989248,13.618279569892474,10.623655913978494,10.381720430107526,273.0,157.0,11,487.0
2014-12-01,1.1951612903225806,9.180645161290323,59.04032258064516,0.5525806451612902,21.50921658986175,20.010752688172044,11.913978494623656,163.1008064516129,666.0,105.0,227.0,8.0,71.0,,,333.0,,,,1.0,8.01509355509356,57.92997647058824,1.8467402709263172,6.670361300004869,0.8473118279569894,0.8516129032258064,0.5406451612903226,5.245161290322581,3.8,3.6774193548387095,34.84101382488479,34.873271889400925,50.944700460829495,40.07258064516129,44.42741935483871,32.02150537634409,0.4390322580645162,0.4335483870967742,0.3141935483870968,76.00806451612904,94.50806451612902,51.26209677419354,20.76344086021505,26.89516129032258,19.545698924731184,10.913978494623656,13.618279569892474,10.623655913978494,287.0,163.0,12,494.0
2015-01-01,1.3064516129032258,9.696774193548388,66.06586021505376,0.5941935483870968,22.73502304147465,17.983870967741936,7.279569892473117,171.40860215053763,519.0,47.0,139.0,7.0,46.0,1.0,,287.0,,,,2.0,5.6,58.0,3.8466799780753274,12.08838672316226,1.1951612903225806,0.8473118279569894,0.8516129032258064,9.180645161290323,5.245161290322581,3.8,21.50921658986175,34.84101382488479,34.873271889400925,59.04032258064516,40.07258064516129,44.42741935483871,0.5525806451612902,0.4390322580645162,0.4335483870967742,163.1008064516129,76.00806451612904,94.50806451612902,20.010752688172044,20.76344086021505,26.89516129032258,11.913978494623656,10.913978494623656,13.618279569892474,225.0,104.0,1,352.0
2015-02-01,0.645698924731183,5.806451612903226,32.619623655913976,0.3370967741935484,43.15437788018433,10.524193548387096,7.096774193548387,54.39381720430108,483.0,42.0,135.0,2.0,56.0,,,272.0,,,,,6.7,54.0,6.3,18.5,1.3064516129032258,1.1951612903225806,0.8473118279569894,9.696774193548388,9.180645161290323,5.245161290322581,22.73502304147465,21.50921658986175,34.84101382488479,66.06586021505376,59.04032258064516,40.07258064516129,0.5941935483870968,0.5525806451612902,0.4390322580645162,171.40860215053763,163.1008064516129,76.00806451612904,17.983870967741936,20.010752688172044,20.76344086021505,7.279569892473117,11.913978494623656,10.913978494623656,216.0,121.0,2,392.0
2015-03-01,0.753225806451613,7.135483870967742,41.57258064516129,0.3774193548387098,45.47235023041475,16.809139784946236,9.956989247311828,76.30913978494624,349.0,49.0,114.0,6.0,64.0,,,250.0,,,,2.0,10.195540098199672,49.389913043478266,13.0,34.7,0.645698924731183,1.3064516129032258,1.1951612903225806,5.806451612903226,9.696774193548388,9.180645161290323,43.15437788018433,22.73502304147465,21.50921658986175,32.619623655913976,66.06586021505376,59.04032258064516,0.3370967741935484,0.5941935483870968,0.5525806451612902,54.39381720430108,171.40860215053763,163.1008064516129,10.524193548387096,17.983870967741936,20.010752688172044,7.096774193548387,7.279569892473117,11.913978494623656,216.0,87.0,3,371.0
2015-04-01,0.4370967741935483,4.990322580645161,28.061827956989248,0.276774193548387,61.64055299539171,17.478494623655916,8.25268817204301,40.69220430107527,357.0,32.0,141.0,4.0,36.0,,,206.0,,,,1.0,14.1,44.334739130434784,12.0,34.9,0.753225806451613,0.645698924731183,1.3064516129032258,7.135483870967742,5.806451612903226,9.696774193548388,45.47235023041475,43.15437788018433,22.73502304147465,41.57258064516129,32.619623655913976,66.06586021505376,0.3774193548387098,0.3370967741935484,0.5941935483870968,76.30913978494624,54.39381720430108,171.40860215053763,16.809139784946236,10.524193548387096,17.983870967741936,9.956989247311828,7.096774193548387,7.279569892473117,206.0,157.0,4,306.0
2015-05-01,0.4091397849462365,5.2064516129032254,28.4502688172043,0.2619354838709678,70.41705069124424,20.887096774193548,8.74731182795699,41.23655913978495,316.0,27.0,62.0,4.0,42.0,,,154.0,,,,,19.45592368513717,39.284608695652175,10.66286540240518,31.39357794552416,0.4370967741935483,0.753225806451613,0.645698924731183,4.990322580645161,7.135483870967742,5.806451612903226,61.64055299539171,45.47235023041475,43.15437788018433,28.061827956989248,41.57258064516129,32.619623655913976,0.276774193548387,0.3774193548387098,0.3370967741935484,40.69220430107527,76.30913978494624,54.39381720430108,17.478494623655916,16.809139784946236,10.524193548387096,8.25268817204301,9.956989247311828,7.096774193548387,180.0,92.0,5,302.0
2015-06-01,0.410215053763441,5.093548387096774,29.75,0.2412903225806451,79.64285714285714,20.782258064516128,9.919354838709678,39.18010752688172,245.0,11.0,47.0,4.0,34.0,,,135.0,,,2.0,,25.461420019846987,34.689652173913046,9.295300647548563,27.11904473416372,0.4091397849462365,0.4370967741935483,0.753225806451613,5.2064516129032254,4.990322580645161,7.135483870967742,70.41705069124424,61.64055299539171,45.47235023041475,28.4502688172043,28.061827956989248,41.57258064516129,0.2619354838709678,0.276774193548387,0.3774193548387098,41.23655913978495,40.69220430107527,76.30913978494624,20.887096774193548,17.478494623655916,16.809139784946236,8.74731182795699,8.25268817204301,9.956989247311828,137.0,51.0,6,264.0
2015-07-01,0.5978494623655913,4.95483870967742,33.35349462365591,0.2503225806451613,77.66589861751152,26.905913978494624,10.715053763440858,44.685483870967744,216.0,15.0,39.0,1.0,36.0,,,106.0,,1.0,,2.0,29.0,31.0,7.88008556891767,22.034989155721416,0.410215053763441,0.4091397849462365,0.4370967741935483,5.093548387096774,5.2064516129032254,4.990322580645161,79.64285714285714,70.41705069124424,61.64055299539171,29.75,28.4502688172043,28.061827956989248,0.2412903225806451,0.2619354838709678,0.276774193548387,39.18010752688172,41.23655913978495,40.69220430107527,20.782258064516128,20.887096774193548,17.478494623655916,9.919354838709678,8.74731182795699,8.25268817204301,88.0,37.0,7,224.0
2015-08-01,0.4129032258064516,5.603225806451613,26.276881720430108,0.2412903225806452,69.26267281105991,25.83333333333333,10.290322580645162,36.64381720430108,287.0,18.0,85.0,5.0,41.0,1.0,,139.0,,1.0,1.0,,25.3,38.0,6.4,16.1,0.5978494623655913,0.410215053763441,0.4091397849462365,4.95483870967742,5.093548387096774,5.2064516129032254,77.66589861751152,79.64285714285714,70.41705069124424,33.35349462365591,29.75,28.4502688172043,0.2503225806451613,0.2412903225806451,0.2619354838709678,44.685483870967744,39.18010752688172,41.23655913978495,26.905913978494624,20.782258064516128,20.887096774193548,10.715053763440858,9.919354838709678,8.74731182795699,115.0,79.0,8,244.0
2015-09-01,0.4989247311827957,5.948387096774193,34.54838709677419,0.2722580645161291,54.60829493087557,15.803763440860216,7.865591397849463,52.69086021505376,369.0,31.0,140.0,7.0,37.0,,,220.0,,,,,19.9,41.0,3.3,3.9,0.4129032258064516,0.5978494623655913,0.410215053763441,5.603225806451613,4.95483870967742,5.093548387096774,69.26267281105991,77.66589861751152,79.64285714285714,26.276881720430108,33.35349462365591,29.75,0.2412903225806452,0.2503225806451613,0.2412903225806451,36.64381720430108,44.685483870967744,39.18010752688172,25.83333333333333,26.905913978494624,20.782258064516128,10.290322580645162,10.715053763440858,9.919354838709678,198.0,119.0,9,375.0
2015-10-01,0.8752688172043012,6.670967741935485,42.15456989247312,0.3551612903225807,32.09907834101382,69.74731182795699,10.510752688172042,81.14247311827957,435.0,30.0,129.0,7.0,31.0,,,211.0,,,,2.0,15.2,57.0,5.249203262533486,7.913601430377744,0.4989247311827957,0.4129032258064516,0.5978494623655913,5.948387096774193,5.603225806451613,4.95483870967742,54.60829493087557,69.26267281105991,77.66589861751152,34.54838709677419,26.276881720430108,33.35349462365591,0.2722580645161291,0.2412903225806452,0.2503225806451613,52.69086021505376,36.64381720430108,44.685483870967744,15.803763440860216,25.83333333333333,26.905913978494624,7.865591397849463,10.290322580645162,10.715053763440858,182.0,129.0,10,402.0
2015-11-01,1.2924731182795697,8.612903225806452,54.63037634408602,0.5032258064516129,23.35483870967742,21.236559139784948,14.005376344086022,146.5201612903226,351.0,28.0,122.0,6.0,36.0,,,197.0,,,,,11.4,59.0,7.8,13.6,0.8752688172043012,0.4989247311827957,0.4129032258064516,6.670967741935485,5.948387096774193,5.603225806451613,32.09907834101382,54.60829493087557,69.26267281105991,42.15456989247312,34.54838709677419,26.276881720430108,0.3551612903225807,0.2722580645161291,0.2412903225806452,81.14247311827957,52.69086021505376,36.64381720430108,69.74731182795699,15.803763440860216,25.83333333333333,10.510752688172042,7.865591397849463,10.290322580645162,235.0,146.0,11,511.0
2015-12-01,1.3913978494623656,11.138709677419357,64.63978494623656,0.6074193548387095,14.506912442396311,32.09677419354839,22.5,179.70430107526883,,,,,,,,,,,,,8.6,63.0,2.0,2.2,1.2924731182795697,0.8752688172043012,0.4989247311827957,8.612903225806452,6.670967741935485,5.948387096774193,23.35483870967742,32.09907834101382,54.60829493087557,54.63037634408602,42.15456989247312,34.54838709677419,0.5032258064516129,0.3551612903225807,0.2722580645161291,146.5201612903226,81.14247311827957,52.69086021505376,21.236559139784948,69.74731182795699,15.803763440860216,14.005376344086022,10.510752688172042,7.865591397849463,333.0,227.0,12,666.0
